{
    "accessors": {
        "accessor_100": {
            "bufferView": "bufferView_703",
            "byteOffset": 100680,
            "byteStride": 12,
            "count": 284,
            "max": [
                0.999962,
                1,
                0.999881
            ],
            "min": [
                -0.999962,
                -1,
                -0.999762
            ],
            "type": 35665
        },
        "accessor_116": {
            "bufferView": "bufferView_702",
            "byteOffset": 16104,
            "byteStride": 0,
            "count": 792,
            "type": 5123
        },
        "accessor_118": {
            "bufferView": "bufferView_703",
            "byteOffset": 104088,
            "byteStride": 12,
            "count": 322,
            "max": [
                877.529,
                60.1002,
                119.956
            ],
            "min": [
                446.906,
                38.3163,
                -29.7362
            ],
            "type": 35665
        },
        "accessor_120": {
            "bufferView": "bufferView_703",
            "byteOffset": 107952,
            "byteStride": 12,
            "count": 322,
            "max": [
                0.993806,
                1,
                0.999748
            ],
            "min": [
                -0.999452,
                -1,
                -0.99904
            ],
            "type": 35665
        },
        "accessor_136": {
            "bufferView": "bufferView_702",
            "byteOffset": 17688,
            "byteStride": 0,
            "count": 1422,
            "type": 5123
        },
        "accessor_138": {
            "bufferView": "bufferView_703",
            "byteOffset": 111816,
            "byteStride": 12,
            "count": 415,
            "max": [
                896.379,
                30,
                100
            ],
            "min": [
                -9.16e-05,
                -3.66e-05,
                -100
            ],
            "type": 35665
        },
        "accessor_140": {
            "bufferView": "bufferView_703",
            "byteOffset": 116796,
            "byteStride": 12,
            "count": 415,
            "max": [
                1,
                1,
                0.999914
            ],
            "min": [
                -1,
                -1,
                -0.999907
            ],
            "type": 35665
        },
        "accessor_156": {
            "bufferView": "bufferView_702",
            "byteOffset": 20532,
            "byteStride": 0,
            "count": 360,
            "type": 5123
        },
        "accessor_158": {
            "bufferView": "bufferView_703",
            "byteOffset": 121776,
            "byteStride": 12,
            "count": 240,
            "max": [
                896.379,
                124.075,
                100
            ],
            "min": [
                -3.05e-05,
                117,
                -94.6526
            ],
            "type": 35665
        },
        "accessor_16": {
            "bufferView": "bufferView_702",
            "byteOffset": 13992,
            "byteStride": 0,
            "count": 48,
            "type": 5123
        },
        "accessor_160": {
            "bufferView": "bufferView_703",
            "byteOffset": 124656,
            "byteStride": 12,
            "count": 240,
            "max": [
                1,
                1,
                0.999907
            ],
            "min": [
                -1,
                -1,
                -0.999861
            ],
            "type": 35665
        },
        "accessor_176": {
            "bufferView": "bufferView_702",
            "byteOffset": 21252,
            "byteStride": 0,
            "count": 438,
            "type": 5123
        },
        "accessor_178": {
            "bufferView": "bufferView_703",
            "byteOffset": 127536,
            "byteStride": 12,
            "count": 317,
            "max": [
                896.379,
                38,
                100
            ],
            "min": [
                -3.05e-05,
                30.525,
                -100
            ],
            "type": 35665
        },
        "accessor_18": {
            "bufferView": "bufferView_703",
            "byteOffset": 92400,
            "byteStride": 12,
            "count": 28,
            "max": [
                -6,
                2,
                6
            ],
            "min": [
                -24,
                -2,
                -6
            ],
            "type": 35665
        },
        "accessor_180": {
            "bufferView": "bufferView_703",
            "byteOffset": 131340,
            "byteStride": 12,
            "count": 317,
            "max": [
                1,
                1,
                0.999907
            ],
            "min": [
                -1,
                -1,
                -0.999914
            ],
            "type": 35665
        },
        "accessor_196": {
            "bufferView": "bufferView_702",
            "byteOffset": 22128,
            "byteStride": 0,
            "count": 468,
            "type": 5123
        },
        "accessor_198": {
            "bufferView": "bufferView_703",
            "byteOffset": 135144,
            "byteStride": 12,
            "count": 322,
            "max": [
                896.379,
                94,
                90.9245
            ],
            "min": [
                -3.05e-05,
                86.2875,
                -100
            ],
            "type": 35665
        },
        "accessor_20": {
            "bufferView": "bufferView_703",
            "byteOffset": 92736,
            "byteStride": 12,
            "count": 28,
            "max": [
                1,
                1,
                1
            ],
            "min": [
                -1,
                -1,
                -1
            ],
            "type": 35665
        },
        "accessor_200": {
            "bufferView": "bufferView_703",
            "byteOffset": 139008,
            "byteStride": 12,
            "count": 322,
            "max": [
                1,
                1,
                0.999642
            ],
            "min": [
                -1,
                -1,
                -0.999914
            ],
            "type": 35665
        },
        "accessor_216": {
            "bufferView": "bufferView_702",
            "byteOffset": 23064,
            "byteStride": 0,
            "count": 192,
            "type": 5123
        },
        "accessor_218": {
            "bufferView": "bufferView_703",
            "byteOffset": 142872,
            "byteStride": 12,
            "count": 127,
            "max": [
                163,
                102,
                90.9245
            ],
            "min": [
                -3.05e-05,
                94.675,
                -53
            ],
            "type": 35665
        },
        "accessor_220": {
            "bufferView": "bufferView_703",
            "byteOffset": 144396,
            "byteStride": 12,
            "count": 127,
            "max": [
                1,
                1,
                0.923879
            ],
            "min": [
                -1,
                -1,
                -1
            ],
            "type": 35665
        },
        "accessor_236": {
            "bufferView": "bufferView_702",
            "byteOffset": 23448,
            "byteStride": 0,
            "count": 438,
            "type": 5123
        },
        "accessor_238": {
            "bufferView": "bufferView_703",
            "byteOffset": 145920,
            "byteStride": 12,
            "count": 317,
            "max": [
                896.379,
                68,
                100
            ],
            "min": [
                -3.05e-05,
                60.525,
                -100
            ],
            "type": 35665
        },
        "accessor_240": {
            "bufferView": "bufferView_703",
            "byteOffset": 149724,
            "byteStride": 12,
            "count": 317,
            "max": [
                1,
                1,
                0.999907
            ],
            "min": [
                -1,
                -1,
                -0.999914
            ],
            "type": 35665
        },
        "accessor_256": {
            "bufferView": "bufferView_702",
            "byteOffset": 24324,
            "byteStride": 0,
            "count": 3948,
            "type": 5123
        },
        "accessor_258": {
            "bufferView": "bufferView_703",
            "byteOffset": 153528,
            "byteStride": 12,
            "count": 689,
            "max": [
                17.2418,
                101.199,
                -66.6692
            ],
            "min": [
                -60.4237,
                -1.82844,
                -144.31
            ],
            "type": 35665
        },
        "accessor_260": {
            "bufferView": "bufferView_703",
            "byteOffset": 161796,
            "byteStride": 12,
            "count": 689,
            "max": [
                0.980769,
                0.997669,
                0.98679
            ],
            "min": [
                -0.984933,
                -0.997669,
                -0.983619
            ],
            "type": 35665
        },
        "accessor_276": {
            "bufferView": "bufferView_702",
            "byteOffset": 0,
            "byteStride": 0,
            "count": 300,
            "type": 5123
        },
        "accessor_278": {
            "bufferView": "bufferView_703",
            "byteOffset": 0,
            "byteStride": 12,
            "count": 246,
            "max": [
                711,
                -0.102995,
                45
            ],
            "min": [
                601,
                -0.103014,
                -45
            ],
            "type": 35665
        },
        "accessor_280": {
            "bufferView": "bufferView_703",
            "byteOffset": 2952,
            "byteStride": 12,
            "count": 246,
            "max": [
                8.7e-06,
                -1,
                9.1e-06
            ],
            "min": [
                -1.2e-06,
                -1,
                -3e-06
            ],
            "type": 35665
        },
        "accessor_296": {
            "bufferView": "bufferView_702",
            "byteOffset": 696,
            "byteStride": 0,
            "count": 153,
            "type": 5123
        },
        "accessor_298": {
            "bufferView": "bufferView_703",
            "byteOffset": 6672,
            "byteStride": 12,
            "count": 86,
            "max": [
                309.6,
                -0.114306,
                -6.02589
            ],
            "min": [
                284.509,
                -0.114309,
                -33.0015
            ],
            "type": 35665
        },
        "accessor_300": {
            "bufferView": "bufferView_703",
            "byteOffset": 7704,
            "byteStride": 12,
            "count": 86,
            "max": [
                1e-07,
                -1,
                0
            ],
            "min": [
                -8e-07,
                -1,
                -9e-07
            ],
            "type": 35665
        },
        "accessor_316": {
            "bufferView": "bufferView_702",
            "byteOffset": 1002,
            "byteStride": 0,
            "count": 33,
            "type": 5123
        },
        "accessor_318": {
            "bufferView": "bufferView_703",
            "byteOffset": 8736,
            "byteStride": 12,
            "count": 30,
            "max": [
                338.005,
                -0.114307,
                -5.99573
            ],
            "min": [
                309.684,
                -0.114311,
                -32.839
            ],
            "type": 35665
        },
        "accessor_320": {
            "bufferView": "bufferView_703",
            "byteOffset": 9096,
            "byteStride": 12,
            "count": 30,
            "max": [
                8e-07,
                -1,
                1e-07
            ],
            "min": [
                -6e-07,
                -1,
                -4e-07
            ],
            "type": 35665
        },
        "accessor_336": {
            "bufferView": "bufferView_702",
            "byteOffset": 1068,
            "byteStride": 0,
            "count": 30,
            "type": 5123
        },
        "accessor_338": {
            "bufferView": "bufferView_703",
            "byteOffset": 9456,
            "byteStride": 12,
            "count": 29,
            "max": [
                374.646,
                -0.114307,
                -5.9957
            ],
            "min": [
                339.98,
                -0.114315,
                -32.9598
            ],
            "type": 35665
        },
        "accessor_340": {
            "bufferView": "bufferView_703",
            "byteOffset": 9804,
            "byteStride": 12,
            "count": 29,
            "max": [
                4e-07,
                -1,
                0
            ],
            "min": [
                -6e-07,
                -1,
                -6e-07
            ],
            "type": 35665
        },
        "accessor_356": {
            "bufferView": "bufferView_702",
            "byteOffset": 1128,
            "byteStride": 0,
            "count": 78,
            "type": 5123
        },
        "accessor_358": {
            "bufferView": "bufferView_703",
            "byteOffset": 10152,
            "byteStride": 12,
            "count": 41,
            "max": [
                402.925,
                -0.114309,
                -5.99573
            ],
            "min": [
                379.184,
                -0.114315,
                -32.839
            ],
            "type": 35665
        },
        "accessor_36": {
            "bufferView": "bufferView_702",
            "byteOffset": 600,
            "byteStride": 0,
            "count": 48,
            "type": 5123
        },
        "accessor_360": {
            "bufferView": "bufferView_703",
            "byteOffset": 10644,
            "byteStride": 12,
            "count": 41,
            "max": [
                1.3e-06,
                -1,
                0
            ],
            "min": [
                -5.89e-05,
                -1,
                -2e-06
            ],
            "type": 35665
        },
        "accessor_376": {
            "bufferView": "bufferView_702",
            "byteOffset": 1284,
            "byteStride": 0,
            "count": 24,
            "type": 5123
        },
        "accessor_378": {
            "bufferView": "bufferView_703",
            "byteOffset": 11136,
            "byteStride": 12,
            "count": 24,
            "max": [
                445.954,
                -0.114311,
                -5.9957
            ],
            "min": [
                417.969,
                -0.114317,
                -32.839
            ],
            "type": 35665
        },
        "accessor_38": {
            "bufferView": "bufferView_703",
            "byteOffset": 5904,
            "byteStride": 12,
            "count": 32,
            "max": [
                0,
                3.5,
                3.5
            ],
            "min": [
                -6,
                -3.5,
                -3.5
            ],
            "type": 35665
        },
        "accessor_380": {
            "bufferView": "bufferView_703",
            "byteOffset": 11424,
            "byteStride": 12,
            "count": 24,
            "max": [
                6e-07,
                -1,
                -1e-07
            ],
            "min": [
                -4e-07,
                -1,
                -6e-07
            ],
            "type": 35665
        },
        "accessor_396": {
            "bufferView": "bufferView_702",
            "byteOffset": 1332,
            "byteStride": 0,
            "count": 150,
            "type": 5123
        },
        "accessor_398": {
            "bufferView": "bufferView_703",
            "byteOffset": 11712,
            "byteStride": 12,
            "count": 82,
            "max": [
                475.288,
                -0.114315,
                -5.89736
            ],
            "min": [
                449.704,
                -0.114319,
                -32.9359
            ],
            "type": 35665
        },
        "accessor_40": {
            "bufferView": "bufferView_703",
            "byteOffset": 6288,
            "byteStride": 12,
            "count": 32,
            "max": [
                -0.225045,
                0.900181,
                0.900181
            ],
            "min": [
                -0.225045,
                -0.900181,
                -0.900181
            ],
            "type": 35665
        },
        "accessor_400": {
            "bufferView": "bufferView_703",
            "byteOffset": 12696,
            "byteStride": 12,
            "count": 82,
            "max": [
                3e-07,
                -1,
                0
            ],
            "min": [
                -3e-07,
                -1,
                -8e-07
            ],
            "type": 35665
        },
        "accessor_416": {
            "bufferView": "bufferView_702",
            "byteOffset": 1632,
            "byteStride": 0,
            "count": 246,
            "type": 5123
        },
        "accessor_418": {
            "bufferView": "bufferView_703",
            "byteOffset": 13680,
            "byteStride": 12,
            "count": 174,
            "max": [
                272,
                -0.1143,
                43.6852
            ],
            "min": [
                181,
                -0.114315,
                -32
            ],
            "type": 35665
        },
        "accessor_420": {
            "bufferView": "bufferView_703",
            "byteOffset": 15768,
            "byteStride": 12,
            "count": 174,
            "max": [
                7e-06,
                -1,
                3.6e-06
            ],
            "min": [
                -4.1e-06,
                -1,
                -7.6e-06
            ],
            "type": 35665
        },
        "accessor_436": {
            "bufferView": "bufferView_702",
            "byteOffset": 2124,
            "byteStride": 0,
            "count": 6,
            "type": 5123
        },
        "accessor_438": {
            "bufferView": "bufferView_703",
            "byteOffset": 17856,
            "byteStride": 12,
            "count": 6,
            "max": [
                411.55,
                -0.114311,
                -5.9957
            ],
            "min": [
                407.789,
                -0.114317,
                -32.839
            ],
            "type": 35665
        },
        "accessor_440": {
            "bufferView": "bufferView_703",
            "byteOffset": 17928,
            "byteStride": 12,
            "count": 6,
            "max": [
                0,
                -1,
                -1e-07
            ],
            "min": [
                -5e-07,
                -1,
                -2e-07
            ],
            "type": 35665
        },
        "accessor_456": {
            "bufferView": "bufferView_702",
            "byteOffset": 2136,
            "byteStride": 0,
            "count": 630,
            "type": 5123
        },
        "accessor_458": {
            "bufferView": "bufferView_703",
            "byteOffset": 18000,
            "byteStride": 12,
            "count": 303,
            "max": [
                484,
                60.6546,
                -48.9999
            ],
            "min": [
                74,
                38.9219,
                -120
            ],
            "type": 35665
        },
        "accessor_460": {
            "bufferView": "bufferView_703",
            "byteOffset": 21636,
            "byteStride": 12,
            "count": 303,
            "max": [
                1,
                1,
                0.999541
            ],
            "min": [
                -0.963074,
                -1,
                -0.999472
            ],
            "type": 35665
        },
        "accessor_476": {
            "bufferView": "bufferView_702",
            "byteOffset": 3396,
            "byteStride": 0,
            "count": 1020,
            "type": 5123
        },
        "accessor_478": {
            "bufferView": "bufferView_703",
            "byteOffset": 25272,
            "byteStride": 12,
            "count": 634,
            "max": [
                882,
                85.6267,
                105
            ],
            "min": [
                35.0825,
                68.8232,
                -19
            ],
            "type": 35665
        },
        "accessor_480": {
            "bufferView": "bufferView_703",
            "byteOffset": 32880,
            "byteStride": 12,
            "count": 634,
            "max": [
                0.999957,
                1,
                1
            ],
            "min": [
                -1,
                -1,
                -0.999999
            ],
            "type": 35665
        },
        "accessor_496": {
            "bufferView": "bufferView_702",
            "byteOffset": 5436,
            "byteStride": 0,
            "count": 144,
            "type": 5123
        },
        "accessor_498": {
            "bufferView": "bufferView_703",
            "byteOffset": 40488,
            "byteStride": 12,
            "count": 98,
            "max": [
                842,
                133,
                22.6046
            ],
            "min": [
                822,
                21,
                2.60467
            ],
            "type": 35665
        },
        "accessor_500": {
            "bufferView": "bufferView_703",
            "byteOffset": 41664,
            "byteStride": 12,
            "count": 98,
            "max": [
                0.965929,
                1,
                0.965926
            ],
            "min": [
                -0.965929,
                -1,
                -0.965926
            ],
            "type": 35665
        },
        "accessor_516": {
            "bufferView": "bufferView_702",
            "byteOffset": 5724,
            "byteStride": 0,
            "count": 144,
            "type": 5123
        },
        "accessor_518": {
            "bufferView": "bufferView_703",
            "byteOffset": 42840,
            "byteStride": 12,
            "count": 134,
            "max": [
                81,
                133,
                40
            ],
            "min": [
                61,
                21,
                20
            ],
            "type": 35665
        },
        "accessor_520": {
            "bufferView": "bufferView_703",
            "byteOffset": 44448,
            "byteStride": 12,
            "count": 134,
            "max": [
                0.965927,
                1,
                0.965926
            ],
            "min": [
                -0.965927,
                -1,
                -0.965928
            ],
            "type": 35665
        },
        "accessor_536": {
            "bufferView": "bufferView_702",
            "byteOffset": 6012,
            "byteStride": 0,
            "count": 144,
            "type": 5123
        },
        "accessor_538": {
            "bufferView": "bufferView_703",
            "byteOffset": 46056,
            "byteStride": 12,
            "count": 111,
            "max": [
                471,
                133,
                -60
            ],
            "min": [
                451,
                21,
                -80.0002
            ],
            "type": 35665
        },
        "accessor_540": {
            "bufferView": "bufferView_703",
            "byteOffset": 47388,
            "byteStride": 12,
            "count": 111,
            "max": [
                0.96593,
                1,
                0.965926
            ],
            "min": [
                -0.96593,
                -1,
                -0.965927
            ],
            "type": 35665
        },
        "accessor_556": {
            "bufferView": "bufferView_702",
            "byteOffset": 6300,
            "byteStride": 0,
            "count": 144,
            "type": 5123
        },
        "accessor_558": {
            "bufferView": "bufferView_703",
            "byteOffset": 48720,
            "byteStride": 12,
            "count": 111,
            "max": [
                580.784,
                133,
                -17.2157
            ],
            "min": [
                567.216,
                21,
                -30.7846
            ],
            "type": 35665
        },
        "accessor_56": {
            "bufferView": "bufferView_702",
            "byteOffset": 6972,
            "byteStride": 0,
            "count": 426,
            "type": 5123
        },
        "accessor_560": {
            "bufferView": "bufferView_703",
            "byteOffset": 50052,
            "byteStride": 12,
            "count": 111,
            "max": [
                0.965929,
                1,
                0.965926
            ],
            "min": [
                -0.965933,
                -1,
                -0.965927
            ],
            "type": 35665
        },
        "accessor_576": {
            "bufferView": "bufferView_702",
            "byteOffset": 6588,
            "byteStride": 0,
            "count": 192,
            "type": 5123
        },
        "accessor_578": {
            "bufferView": "bufferView_703",
            "byteOffset": 51384,
            "byteStride": 12,
            "count": 132,
            "max": [
                870,
                116.659,
                -19.0001
            ],
            "min": [
                40,
                94.3591,
                -66
            ],
            "type": 35665
        },
        "accessor_58": {
            "bufferView": "bufferView_703",
            "byteOffset": 54552,
            "byteStride": 12,
            "count": 191,
            "max": [
                876.97,
                116.408,
                132.351
            ],
            "min": [
                67.9995,
                93.7637,
                -26.5567
            ],
            "type": 35665
        },
        "accessor_580": {
            "bufferView": "bufferView_703",
            "byteOffset": 52968,
            "byteStride": 12,
            "count": 132,
            "max": [
                1,
                1,
                1
            ],
            "min": [
                -1,
                -1,
                -0.999914
            ],
            "type": 35665
        },
        "accessor_596": {
            "bufferView": "bufferView_702",
            "byteOffset": 7824,
            "byteStride": 0,
            "count": 624,
            "type": 5123
        },
        "accessor_598": {
            "bufferView": "bufferView_703",
            "byteOffset": 59136,
            "byteStride": 12,
            "count": 336,
            "max": [
                870,
                60.0005,
                -19.4418
            ],
            "min": [
                -6.134,
                38.4962,
                -89.7372
            ],
            "type": 35665
        },
        "accessor_60": {
            "bufferView": "bufferView_703",
            "byteOffset": 56844,
            "byteStride": 12,
            "count": 191,
            "max": [
                0.992546,
                1,
                0.999996
            ],
            "min": [
                -1,
                -1,
                -0.999991
            ],
            "type": 35665
        },
        "accessor_600": {
            "bufferView": "bufferView_703",
            "byteOffset": 63168,
            "byteStride": 12,
            "count": 336,
            "max": [
                1,
                1,
                1
            ],
            "min": [
                -1,
                -1,
                -1
            ],
            "type": 35665
        },
        "accessor_616": {
            "bufferView": "bufferView_702",
            "byteOffset": 9072,
            "byteStride": 0,
            "count": 420,
            "type": 5123
        },
        "accessor_618": {
            "bufferView": "bufferView_703",
            "byteOffset": 67200,
            "byteStride": 12,
            "count": 263,
            "max": [
                896.38,
                85.8985,
                47
            ],
            "min": [
                39.0001,
                68.5375,
                -100
            ],
            "type": 35665
        },
        "accessor_620": {
            "bufferView": "bufferView_703",
            "byteOffset": 70356,
            "byteStride": 12,
            "count": 263,
            "max": [
                1,
                1,
                1
            ],
            "min": [
                -1,
                -1,
                -0.999914
            ],
            "type": 35665
        },
        "accessor_636": {
            "bufferView": "bufferView_702",
            "byteOffset": 9912,
            "byteStride": 0,
            "count": 258,
            "type": 5123
        },
        "accessor_638": {
            "bufferView": "bufferView_703",
            "byteOffset": 73512,
            "byteStride": 12,
            "count": 116,
            "max": [
                67.8099,
                30.1709,
                -23.7172
            ],
            "min": [
                4.81924,
                5.35e-05,
                -58.0517
            ],
            "type": 35665
        },
        "accessor_640": {
            "bufferView": "bufferView_703",
            "byteOffset": 74904,
            "byteStride": 12,
            "count": 116,
            "max": [
                0.996547,
                1,
                0.996207
            ],
            "min": [
                -0.924274,
                -1,
                -0.996196
            ],
            "type": 35665
        },
        "accessor_656": {
            "bufferView": "bufferView_702",
            "byteOffset": 10428,
            "byteStride": 0,
            "count": 180,
            "type": 5123
        },
        "accessor_658": {
            "bufferView": "bufferView_703",
            "byteOffset": 76296,
            "byteStride": 12,
            "count": 127,
            "max": [
                542.806,
                45.2273,
                19.4956
            ],
            "min": [
                31.5023,
                27.4832,
                -55.9644
            ],
            "type": 35665
        },
        "accessor_660": {
            "bufferView": "bufferView_703",
            "byteOffset": 77820,
            "byteStride": 12,
            "count": 127,
            "max": [
                0.907578,
                1,
                0.995805
            ],
            "min": [
                -0.995805,
                -1,
                -0.995805
            ],
            "type": 35665
        },
        "accessor_676": {
            "bufferView": "bufferView_702",
            "byteOffset": 10788,
            "byteStride": 0,
            "count": 180,
            "type": 5123
        },
        "accessor_678": {
            "bufferView": "bufferView_703",
            "byteOffset": 79344,
            "byteStride": 12,
            "count": 129,
            "max": [
                542.806,
                27.2358,
                19.4956
            ],
            "min": [
                31.5023,
                9.49172,
                -55.9644
            ],
            "type": 35665
        },
        "accessor_680": {
            "bufferView": "bufferView_703",
            "byteOffset": 80892,
            "byteStride": 12,
            "count": 129,
            "max": [
                0.907577,
                1,
                0.995805
            ],
            "min": [
                -0.995805,
                -1,
                -0.995805
            ],
            "type": 35665
        },
        "accessor_696": {
            "bufferView": "bufferView_702",
            "byteOffset": 11148,
            "byteStride": 0,
            "count": 1422,
            "type": 5123
        },
        "accessor_698": {
            "bufferView": "bufferView_703",
            "byteOffset": 82440,
            "byteStride": 12,
            "count": 415,
            "max": [
                896.379,
                30,
                100
            ],
            "min": [
                -9.16e-05,
                -3.66e-05,
                -100
            ],
            "type": 35665
        },
        "accessor_700": {
            "bufferView": "bufferView_703",
            "byteOffset": 87420,
            "byteStride": 12,
            "count": 415,
            "max": [
                1,
                1,
                0.999914
            ],
            "min": [
                -1,
                -1,
                -0.999907
            ],
            "type": 35665
        },
        "accessor_76": {
            "bufferView": "bufferView_702",
            "byteOffset": 14088,
            "byteStride": 0,
            "count": 402,
            "type": 5123
        },
        "accessor_78": {
            "bufferView": "bufferView_703",
            "byteOffset": 93072,
            "byteStride": 12,
            "count": 175,
            "max": [
                567.998,
                115.667,
                114.256
            ],
            "min": [
                34.9992,
                102.632,
                -18.965
            ],
            "type": 35665
        },
        "accessor_80": {
            "bufferView": "bufferView_703",
            "byteOffset": 95172,
            "byteStride": 12,
            "count": 175,
            "max": [
                0.999992,
                1,
                0.999754
            ],
            "min": [
                -0.999687,
                -1,
                -1
            ],
            "type": 35665
        },
        "accessor_96": {
            "bufferView": "bufferView_702",
            "byteOffset": 14892,
            "byteStride": 0,
            "count": 606,
            "type": 5123
        },
        "accessor_98": {
            "bufferView": "bufferView_703",
            "byteOffset": 97272,
            "byteStride": 12,
            "count": 284,
            "max": [
                473.564,
                60.062,
                125.258
            ],
            "min": [
                42,
                38.5,
                -34.4626
            ],
            "type": 35665
        }
    },
    "animations": {},
    "asset": {
        "generator": "collada2gltf@484bc37fe4fa8c5974618e65b311e7b22be95381",
        "premultipliedAlpha": true,
        "profile": "WebGL 1.0.2",
        "version": 0.6
    },
    "bufferViews": {
        "bufferView_702": {
            "buffer": "Swiss6",
            "byteLength": 32220,
            "byteOffset": 0,
            "target": 34963
        },
        "bufferView_703": {
            "buffer": "Swiss6",
            "byteLength": 170064,
            "byteOffset": 32220,
            "target": 34962
        }
    },
    "buffers": {
        "Swiss6": {
            "byteLength": 202284,
            "path": "Swiss6.bin",
            "type": "arraybuffer"
        }
    },
    "materials": {
        "ID179": {
            "instanceTechnique": {
                "technique": "technique0",
                "values": {
                    "diffuse": [
                        0.964706,
                        0.545098,
                        0,
                        1
                    ]
                }
            },
            "name": "GOLD_METAL1"
        },
        "ID227": {
            "instanceTechnique": {
                "technique": "technique0",
                "values": {
                    "diffuse": [
                        0.360784,
                        0.360784,
                        0.360784,
                        1
                    ]
                }
            },
            "name": "GREY_PLASTIC1"
        },
        "ID23": {
            "instanceTechnique": {
                "technique": "technique0",
                "values": {
                    "diffuse": [
                        1,
                        1,
                        1,
                        1
                    ]
                }
            },
            "name": "STAINLESS_METAL1"
        },
        "ID4": {
            "instanceTechnique": {
                "technique": "technique0",
                "values": {
                    "diffuse": [
                        1,
                        1,
                        1,
                        1
                    ]
                }
            },
            "name": "material"
        },
        "ID57": {
            "instanceTechnique": {
                "technique": "technique0",
                "values": {
                    "diffuse": [
                        1,
                        0,
                        0,
                        1
                    ]
                }
            },
            "name": "RED_PLASTIC1"
        }
    },
    "meshes": {
        "ID105": {
            "name": "ID105",
            "primitives": [
                {
                    "attributes": {
                        "NORMAL": "accessor_280",
                        "POSITION": "accessor_278"
                    },
                    "indices": "accessor_276",
                    "material": "ID23",
                    "primitive": 4
                }
            ]
        },
        "ID11": {
            "name": "ID11",
            "primitives": [
                {
                    "attributes": {
                        "NORMAL": "accessor_40",
                        "POSITION": "accessor_38"
                    },
                    "indices": "accessor_36",
                    "material": "ID4",
                    "primitive": 4
                }
            ]
        },
        "ID111": {
            "name": "ID111",
            "primitives": [
                {
                    "attributes": {
                        "NORMAL": "accessor_300",
                        "POSITION": "accessor_298"
                    },
                    "indices": "accessor_296",
                    "material": "ID23",
                    "primitive": 4
                }
            ]
        },
        "ID117": {
            "name": "ID117",
            "primitives": [
                {
                    "attributes": {
                        "NORMAL": "accessor_320",
                        "POSITION": "accessor_318"
                    },
                    "indices": "accessor_316",
                    "material": "ID23",
                    "primitive": 4
                }
            ]
        },
        "ID123": {
            "name": "ID123",
            "primitives": [
                {
                    "attributes": {
                        "NORMAL": "accessor_340",
                        "POSITION": "accessor_338"
                    },
                    "indices": "accessor_336",
                    "material": "ID23",
                    "primitive": 4
                }
            ]
        },
        "ID129": {
            "name": "ID129",
            "primitives": [
                {
                    "attributes": {
                        "NORMAL": "accessor_360",
                        "POSITION": "accessor_358"
                    },
                    "indices": "accessor_356",
                    "material": "ID23",
                    "primitive": 4
                }
            ]
        },
        "ID135": {
            "name": "ID135",
            "primitives": [
                {
                    "attributes": {
                        "NORMAL": "accessor_380",
                        "POSITION": "accessor_378"
                    },
                    "indices": "accessor_376",
                    "material": "ID23",
                    "primitive": 4
                }
            ]
        },
        "ID141": {
            "name": "ID141",
            "primitives": [
                {
                    "attributes": {
                        "NORMAL": "accessor_400",
                        "POSITION": "accessor_398"
                    },
                    "indices": "accessor_396",
                    "material": "ID23",
                    "primitive": 4
                }
            ]
        },
        "ID147": {
            "name": "ID147",
            "primitives": [
                {
                    "attributes": {
                        "NORMAL": "accessor_420",
                        "POSITION": "accessor_418"
                    },
                    "indices": "accessor_416",
                    "material": "ID23",
                    "primitive": 4
                }
            ]
        },
        "ID153": {
            "name": "ID153",
            "primitives": [
                {
                    "attributes": {
                        "NORMAL": "accessor_440",
                        "POSITION": "accessor_438"
                    },
                    "indices": "accessor_436",
                    "material": "ID23",
                    "primitive": 4
                }
            ]
        },
        "ID161": {
            "name": "ID161",
            "primitives": [
                {
                    "attributes": {
                        "NORMAL": "accessor_460",
                        "POSITION": "accessor_458"
                    },
                    "indices": "accessor_456",
                    "material": "ID23",
                    "primitive": 4
                }
            ]
        },
        "ID169": {
            "name": "ID169",
            "primitives": [
                {
                    "attributes": {
                        "NORMAL": "accessor_480",
                        "POSITION": "accessor_478"
                    },
                    "indices": "accessor_476",
                    "material": "ID23",
                    "primitive": 4
                }
            ]
        },
        "ID177": {
            "name": "ID177",
            "primitives": [
                {
                    "attributes": {
                        "NORMAL": "accessor_500",
                        "POSITION": "accessor_498"
                    },
                    "indices": "accessor_496",
                    "material": "ID179",
                    "primitive": 4
                }
            ]
        },
        "ID185": {
            "name": "ID185",
            "primitives": [
                {
                    "attributes": {
                        "NORMAL": "accessor_520",
                        "POSITION": "accessor_518"
                    },
                    "indices": "accessor_516",
                    "material": "ID179",
                    "primitive": 4
                }
            ]
        },
        "ID191": {
            "name": "ID191",
            "primitives": [
                {
                    "attributes": {
                        "NORMAL": "accessor_540",
                        "POSITION": "accessor_538"
                    },
                    "indices": "accessor_536",
                    "material": "ID179",
                    "primitive": 4
                }
            ]
        },
        "ID197": {
            "name": "ID197",
            "primitives": [
                {
                    "attributes": {
                        "NORMAL": "accessor_560",
                        "POSITION": "accessor_558"
                    },
                    "indices": "accessor_556",
                    "material": "ID179",
                    "primitive": 4
                }
            ]
        },
        "ID205": {
            "name": "ID205",
            "primitives": [
                {
                    "attributes": {
                        "NORMAL": "accessor_580",
                        "POSITION": "accessor_578"
                    },
                    "indices": "accessor_576",
                    "material": "ID23",
                    "primitive": 4
                }
            ]
        },
        "ID21": {
            "name": "ID21",
            "primitives": [
                {
                    "attributes": {
                        "NORMAL": "accessor_60",
                        "POSITION": "accessor_58"
                    },
                    "indices": "accessor_56",
                    "material": "ID23",
                    "primitive": 4
                }
            ]
        },
        "ID211": {
            "name": "ID211",
            "primitives": [
                {
                    "attributes": {
                        "NORMAL": "accessor_600",
                        "POSITION": "accessor_598"
                    },
                    "indices": "accessor_596",
                    "material": "ID23",
                    "primitive": 4
                }
            ]
        },
        "ID217": {
            "name": "ID217",
            "primitives": [
                {
                    "attributes": {
                        "NORMAL": "accessor_620",
                        "POSITION": "accessor_618"
                    },
                    "indices": "accessor_616",
                    "material": "ID23",
                    "primitive": 4
                }
            ]
        },
        "ID225": {
            "name": "ID225",
            "primitives": [
                {
                    "attributes": {
                        "NORMAL": "accessor_640",
                        "POSITION": "accessor_638"
                    },
                    "indices": "accessor_636",
                    "material": "ID227",
                    "primitive": 4
                }
            ]
        },
        "ID233": {
            "name": "ID233",
            "primitives": [
                {
                    "attributes": {
                        "NORMAL": "accessor_660",
                        "POSITION": "accessor_658"
                    },
                    "indices": "accessor_656",
                    "material": "ID23",
                    "primitive": 4
                }
            ]
        },
        "ID239": {
            "name": "ID239",
            "primitives": [
                {
                    "attributes": {
                        "NORMAL": "accessor_680",
                        "POSITION": "accessor_678"
                    },
                    "indices": "accessor_676",
                    "material": "ID23",
                    "primitive": 4
                }
            ]
        },
        "ID247": {
            "name": "ID247",
            "primitives": [
                {
                    "attributes": {
                        "NORMAL": "accessor_700",
                        "POSITION": "accessor_698"
                    },
                    "indices": "accessor_696",
                    "material": "ID57",
                    "primitive": 4
                }
            ]
        },
        "ID3": {
            "name": "ID3",
            "primitives": [
                {
                    "attributes": {
                        "NORMAL": "accessor_20",
                        "POSITION": "accessor_18"
                    },
                    "indices": "accessor_16",
                    "material": "ID4",
                    "primitive": 4
                }
            ]
        },
        "ID31": {
            "name": "ID31",
            "primitives": [
                {
                    "attributes": {
                        "NORMAL": "accessor_80",
                        "POSITION": "accessor_78"
                    },
                    "indices": "accessor_76",
                    "material": "ID23",
                    "primitive": 4
                }
            ]
        },
        "ID39": {
            "name": "ID39",
            "primitives": [
                {
                    "attributes": {
                        "NORMAL": "accessor_100",
                        "POSITION": "accessor_98"
                    },
                    "indices": "accessor_96",
                    "material": "ID23",
                    "primitive": 4
                }
            ]
        },
        "ID47": {
            "name": "ID47",
            "primitives": [
                {
                    "attributes": {
                        "NORMAL": "accessor_120",
                        "POSITION": "accessor_118"
                    },
                    "indices": "accessor_116",
                    "material": "ID23",
                    "primitive": 4
                }
            ]
        },
        "ID55": {
            "name": "ID55",
            "primitives": [
                {
                    "attributes": {
                        "NORMAL": "accessor_140",
                        "POSITION": "accessor_138"
                    },
                    "indices": "accessor_136",
                    "material": "ID57",
                    "primitive": 4
                }
            ]
        },
        "ID65": {
            "name": "ID65",
            "primitives": [
                {
                    "attributes": {
                        "NORMAL": "accessor_160",
                        "POSITION": "accessor_158"
                    },
                    "indices": "accessor_156",
                    "material": "ID23",
                    "primitive": 4
                }
            ]
        },
        "ID71": {
            "name": "ID71",
            "primitives": [
                {
                    "attributes": {
                        "NORMAL": "accessor_180",
                        "POSITION": "accessor_178"
                    },
                    "indices": "accessor_176",
                    "material": "ID23",
                    "primitive": 4
                }
            ]
        },
        "ID77": {
            "name": "ID77",
            "primitives": [
                {
                    "attributes": {
                        "NORMAL": "accessor_200",
                        "POSITION": "accessor_198"
                    },
                    "indices": "accessor_196",
                    "material": "ID23",
                    "primitive": 4
                }
            ]
        },
        "ID83": {
            "name": "ID83",
            "primitives": [
                {
                    "attributes": {
                        "NORMAL": "accessor_220",
                        "POSITION": "accessor_218"
                    },
                    "indices": "accessor_216",
                    "material": "ID23",
                    "primitive": 4
                }
            ]
        },
        "ID89": {
            "name": "ID89",
            "primitives": [
                {
                    "attributes": {
                        "NORMAL": "accessor_240",
                        "POSITION": "accessor_238"
                    },
                    "indices": "accessor_236",
                    "material": "ID23",
                    "primitive": 4
                }
            ]
        },
        "ID97": {
            "name": "ID97",
            "primitives": [
                {
                    "attributes": {
                        "NORMAL": "accessor_260",
                        "POSITION": "accessor_258"
                    },
                    "indices": "accessor_256",
                    "material": "ID23",
                    "primitive": 4
                }
            ]
        }
    },
    "nodes": {
        "ID103": {
            "children": [
                "ID104"
            ],
            "matrix": [
                0.866025,
                0.5,
                -0,
                0,
                -0.5,
                0.866025,
                0,
                0,
                0,
                0,
                1,
                0,
                283.151,
                -387.738,
                0,
                1
            ],
            "name": "instance_7"
        },
        "ID104": {
            "children": [],
            "matrix": [
                1,
                0,
                0,
                0,
                0,
                1,
                0,
                0,
                0,
                0,
                1,
                0,
                0,
                0,
                0,
                1
            ],
            "meshes": [
                "ID105",
                "ID111",
                "ID117",
                "ID123",
                "ID129",
                "ID135",
                "ID141",
                "ID147",
                "ID153"
            ],
            "name": "LOGO"
        },
        "ID159": {
            "children": [
                "ID160"
            ],
            "matrix": [
                0.865919,
                0.499938,
                0.0157073,
                0,
                -0.5,
                0.866025,
                -1e-07,
                0,
                -0.013603,
                -0.0078536,
                0.999877,
                0,
                339.411,
                -355.256,
                50.6871,
                1
            ],
            "name": "instance_8"
        },
        "ID160": {
            "children": [],
            "matrix": [
                1,
                0,
                0,
                0,
                0,
                1,
                0,
                0,
                0,
                0,
                1,
                0,
                0,
                0,
                0,
                1
            ],
            "meshes": [
                "ID161"
            ],
            "name": "REEMER"
        },
        "ID167": {
            "children": [
                "ID168"
            ],
            "matrix": [
                0.858419,
                0.495605,
                0.132256,
                0,
                -0.499998,
                0.866027,
                6e-07,
                0,
                -0.114537,
                -0.0661284,
                0.991216,
                0,
                262.207,
                -399.02,
                -94.0762,
                1
            ],
            "name": "instance_9"
        },
        "ID168": {
            "children": [],
            "matrix": [
                1,
                0,
                0,
                0,
                0,
                1,
                0,
                0,
                0,
                0,
                1,
                0,
                0,
                0,
                0,
                1
            ],
            "meshes": [
                "ID169"
            ],
            "name": "SAW"
        },
        "ID17": {
            "children": [
                "ID18"
            ],
            "matrix": [
                0.866025,
                -0.5,
                0,
                0,
                0.5,
                0.866025,
                -0,
                0,
                0,
                0,
                1,
                0,
                70.8158,
                431.406,
                -81.1024,
                1
            ],
            "name": "Swiss_Army_Knife"
        },
        "ID175": {
            "children": [
                "ID176"
            ],
            "matrix": [
                0.866025,
                0.5,
                -0,
                0,
                -0.5,
                0.866025,
                0,
                0,
                0,
                0,
                1,
                0,
                283.151,
                -387.738,
                0,
                1
            ],
            "name": "instance_10"
        },
        "ID176": {
            "children": [],
            "matrix": [
                1,
                0,
                0,
                0,
                0,
                1,
                0,
                0,
                0,
                0,
                1,
                0,
                0,
                0,
                0,
                1
            ],
            "meshes": [
                "ID177",
                "ID185",
                "ID191",
                "ID197"
            ],
            "name": "SHAFTS"
        },
        "ID18": {
            "children": [
                "ID19",
                "ID29",
                "ID37",
                "ID45",
                "ID53",
                "ID63",
                "ID95",
                "ID103",
                "ID159",
                "ID167",
                "ID175",
                "ID203",
                "ID223",
                "ID245"
            ],
            "matrix": [
                1,
                0,
                0,
                0,
                0,
                1,
                0,
                0,
                0,
                0,
                1,
                0,
                0,
                0,
                0,
                1
            ],
            "name": "skp26"
        },
        "ID19": {
            "children": [
                "ID20"
            ],
            "matrix": [
                0.866025,
                0.5,
                -0,
                0,
                -0.5,
                0.866025,
                0,
                0,
                0,
                0,
                1,
                0,
                270.068,
                -395.282,
                -25.9493,
                1
            ],
            "name": "instance_0"
        },
        "ID2": {
            "children": [],
            "matrix": [
                -0.126211,
                0.863995,
                -0.487426,
                0,
                -0.989498,
                -0.144544,
                0,
                0,
                -0.0704544,
                0.482307,
                0.873164,
                0,
                856.906,
                -2140.95,
                1301.94,
                1
            ],
            "meshes": [
                "ID3",
                "ID11"
            ],
            "name": "Camera_1"
        },
        "ID20": {
            "children": [],
            "matrix": [
                1,
                0,
                0,
                0,
                0,
                1,
                0,
                0,
                0,
                0,
                1,
                0,
                0,
                0,
                0,
                1
            ],
            "meshes": [
                "ID21"
            ],
            "name": "BLADE_MAIN"
        },
        "ID203": {
            "children": [
                "ID204"
            ],
            "matrix": [
                0.866025,
                0.5,
                -0,
                0,
                -0.5,
                0.866025,
                0,
                0,
                0,
                0,
                1,
                0,
                283.151,
                -387.738,
                0,
                1
            ],
            "name": "instance_11"
        },
        "ID204": {
            "children": [],
            "matrix": [
                1,
                0,
                0,
                0,
                0,
                1,
                0,
                0,
                0,
                0,
                1,
                0,
                0,
                0,
                0,
                1
            ],
            "meshes": [
                "ID205",
                "ID211",
                "ID217"
            ],
            "name": "SPRINGS"
        },
        "ID223": {
            "children": [
                "ID224"
            ],
            "matrix": [
                0.866025,
                0.5,
                -0,
                0,
                -0.5,
                0.866025,
                0,
                0,
                0,
                0,
                1,
                0,
                283.151,
                -387.738,
                0,
                1
            ],
            "name": "instance_12"
        },
        "ID224": {
            "children": [],
            "matrix": [
                1,
                0,
                0,
                0,
                0,
                1,
                0,
                0,
                0,
                0,
                1,
                0,
                0,
                0,
                0,
                1
            ],
            "meshes": [
                "ID225",
                "ID233",
                "ID239"
            ],
            "name": "TWEEZER"
        },
        "ID245": {
            "children": [
                "ID246"
            ],
            "matrix": [
                0.866025,
                0.5,
                -0,
                0,
                0.5,
                -0.866025,
                0,
                0,
                0,
                0,
                1,
                0,
                206.113,
                -254.305,
                0,
                1
            ],
            "name": "instance_13"
        },
        "ID246": {
            "children": [],
            "matrix": [
                1,
                0,
                0,
                0,
                0,
                1,
                0,
                0,
                0,
                0,
                1,
                0,
                0,
                0,
                0,
                1
            ],
            "meshes": [
                "ID247"
            ],
            "name": "COVERPLATE"
        },
        "ID29": {
            "children": [
                "ID30"
            ],
            "matrix": [
                0.865,
                0.499399,
                -0.0487418,
                0,
                -0.499993,
                0.86603,
                8.1e-06,
                0,
                0.0422159,
                0.0243636,
                0.998811,
                0,
                290.871,
                -383.28,
                -38.2665,
                1
            ],
            "name": "instance_1"
        },
        "ID30": {
            "children": [],
            "matrix": [
                1,
                0,
                0,
                0,
                0,
                1,
                0,
                0,
                0,
                0,
                1,
                0,
                0,
                0,
                0,
                1
            ],
            "meshes": [
                "ID31"
            ],
            "name": "BLADE_SMAL"
        },
        "ID37": {
            "children": [
                "ID38"
            ],
            "matrix": [
                0.854885,
                0.493568,
                0.159881,
                0,
                -0.5,
                0.866026,
                -1e-07,
                0,
                -0.138461,
                -0.0799404,
                0.987136,
                0,
                262.54,
                -399.638,
                -64.5054,
                1
            ],
            "name": "instance_2"
        },
        "ID38": {
            "children": [],
            "matrix": [
                1,
                0,
                0,
                0,
                0,
                1,
                0,
                0,
                0,
                0,
                1,
                0,
                0,
                0,
                0,
                1
            ],
            "meshes": [
                "ID39"
            ],
            "name": "BOTTLE_OPN"
        },
        "ID45": {
            "children": [
                "ID46"
            ],
            "matrix": [
                0.864628,
                0.499193,
                -0.0567967,
                0,
                -0.5,
                0.866026,
                -2e-07,
                0,
                0.0491872,
                0.0283985,
                0.998386,
                0,
                280.808,
                -389.091,
                22.006,
                1
            ],
            "name": "instance_3"
        },
        "ID46": {
            "children": [],
            "matrix": [
                1,
                0,
                0,
                0,
                0,
                1,
                0,
                0,
                0,
                0,
                1,
                0,
                0,
                0,
                0,
                1
            ],
            "meshes": [
                "ID47"
            ],
            "name": "CAN_OPENER"
        },
        "ID53": {
            "children": [
                "ID54"
            ],
            "matrix": [
                0.866025,
                0.5,
                -0,
                0,
                -0.5,
                0.866025,
                0,
                0,
                0,
                0,
                1,
                0,
                283.151,
                -387.738,
                0,
                1
            ],
            "name": "instance_4"
        },
        "ID54": {
            "children": [],
            "matrix": [
                1,
                0,
                0,
                0,
                0,
                1,
                0,
                0,
                0,
                0,
                1,
                0,
                0,
                0,
                0,
                1
            ],
            "meshes": [
                "ID55"
            ],
            "name": "COVERPLATE"
        },
        "ID63": {
            "children": [
                "ID64"
            ],
            "matrix": [
                0.866025,
                0.5,
                -0,
                0,
                -0.5,
                0.866025,
                0,
                0,
                0,
                0,
                1,
                0,
                283.151,
                -387.738,
                0,
                1
            ],
            "name": "instance_5"
        },
        "ID64": {
            "children": [],
            "matrix": [
                1,
                0,
                0,
                0,
                0,
                1,
                0,
                0,
                0,
                0,
                1,
                0,
                0,
                0,
                0,
                1
            ],
            "meshes": [
                "ID83",
                "ID89",
                "ID65",
                "ID71",
                "ID77"
            ],
            "name": "DIVIDER"
        },
        "ID95": {
            "children": [
                "ID96"
            ],
            "matrix": [
                0.866025,
                0.5,
                -0,
                0,
                -0.5,
                0.866025,
                0,
                0,
                0,
                0,
                1,
                0,
                283.151,
                -387.738,
                0,
                1
            ],
            "name": "instance_6"
        },
        "ID96": {
            "children": [],
            "matrix": [
                1,
                0,
                0,
                0,
                0,
                1,
                0,
                0,
                0,
                0,
                1,
                0,
                0,
                0,
                0,
                1
            ],
            "meshes": [
                "ID97"
            ],
            "name": "KEY_RING"
        },
        "node_0": {
            "children": [
                "ID2",
                "ID17"
            ],
            "matrix": [
                1,
                0,
                0,
                0,
                0,
                1,
                0,
                0,
                0,
                0,
                1,
                0,
                0,
                0,
                0,
                1
            ],
            "name": "SketchUp"
        }
    },
    "programs": {
        "program_0": {
            "attributes": [
                "a_normal",
                "a_position"
            ],
            "fragmentShader": "Swiss60FS",
            "vertexShader": "Swiss60VS"
        }
    },
    "scene": "defaultScene",
    "scenes": {
        "defaultScene": {
            "nodes": [
                "node_0"
            ]
        }
    },
    "shaders": {
        "Swiss60FS": {
            "path": "Swiss60FS.glsl",
            "type": 35632
        },
        "Swiss60VS": {
            "path": "Swiss60VS.glsl",
            "type": 35633
        }
    },
    "skins": {},
    "techniques": {
        "technique0": {
            "parameters": {
                "diffuse": {
                    "type": 35666
                },
                "modelViewMatrix": {
                    "semantic": "MODELVIEW",
                    "type": 35676
                },
                "normal": {
                    "semantic": "NORMAL",
                    "type": 35665
                },
                "normalMatrix": {
                    "semantic": "MODELVIEWINVERSETRANSPOSE",
                    "type": 35675
                },
                "position": {
                    "semantic": "POSITION",
                    "type": 35665
                },
                "projectionMatrix": {
                    "semantic": "PROJECTION",
                    "type": 35676
                }
            },
            "pass": "defaultPass",
            "passes": {
                "defaultPass": {
                    "details": {
                        "commonProfile": {
                            "extras": {
                                "doubleSided": false
                            },
                            "lightingModel": "Lambert",
                            "parameters": [
                                "diffuse",
                                "modelViewMatrix",
                                "normalMatrix",
                                "projectionMatrix"
                            ]
                        },
                        "type": "COLLADA-1.4.1/commonProfile"
                    },
                    "instanceProgram": {
                        "attributes": {
                            "a_normal": "normal",
                            "a_position": "position"
                        },
                        "program": "program_0",
                        "uniforms": {
                            "u_diffuse": "diffuse",
                            "u_modelViewMatrix": "modelViewMatrix",
                            "u_normalMatrix": "normalMatrix",
                            "u_projectionMatrix": "projectionMatrix"
                        }
                    },
                    "states": {
                        "blendEnable": 0,
                        "cullFaceEnable": 1,
                        "depthMask": 1,
                        "depthTestEnable": 1
                    }
                }
            }
        }
    }
}